Id	OrganisationId	FirstName	LastName	EmailAddress1	PhoneNumber1
F7148FA3-7B53-466D-A337-461D9FB50472	BF101953-2BBA-4F88-8C5C-1DD3F05235A1	David A.	Nonymous	NHS-GPIT@DXS.com	0300 303 5678
09CAEDF7-522A-40C9-82F1-1DCF054EF1F9	1A5CB652-4B35-4A7E-B7A3-228B578FF8A6	Mrs. Plaice	Holder	NHS-GPIT@EMIS.com	0300 303 5679
361B829B-4FD1-4AD4-9D88-891A845CCCF7	C12238F3-26CE-49A4-9EA5-8B4C4A391B36	Noto	Realo	NHS-GPIT@Informatica.com	0300 303 5680
CB84A631-9679-43F0-AC7F-0E6BAF0952C7	BBD1401B-E5DE-444F-9928-3453FAFE6111	Arthur B.	Strawman	buying.catalogue.supplier@gmail.com	0300 303 5681
C46E7F60-5412-4A89-984A-03CD9CEF7F14	AC684564-14DF-4464-9FAF-07531F9D711B	Ms. Fabri	Kated	NHS-GPIT@Microtest.com	0300 303 5682
310F930E-5207-4025-B8BA-BEC2303C1BFB	3D551940-C330-41BA-8739-B16799E0B0FB	Dr. I M	Maddup	NHS-GPIT@PAERS.com	0300 303 5682
9C6A646F-09B7-46E9-969E-DA63D3C77E48	D3E7ABF4-15DC-4BAC-AEDC-9D5CE4640BF9	Joe	Bloggs III esq.	NHS-GPIT@PCTI.com	0300 303 5684
BFC60EC8-19EB-4FE7-8016-87A56970A0C4	4D7E73B4-4F2B-4941-A907-E4ECE98B0CFC	Brian B.	Bogus	NHS-GPIT@PrescribingServices.com	0300 303 5685
70B7D8DE-494B-43AD-A713-8E6A6472FB14	067A715D-AA0D-4907-B6B8-366611CB1FC4	Mr. Les	Believable	NHS-GPIT@TPP.com	0300 303 5686
6D18403F-5F39-4CE4-A2FD-6775D4140373	ADAF944B-7ADA-49F4-AF6A-949537309296	Mary	Mannequin	NHS-GPIT@WigglyAmps.com	0300 303 5687
DFE70DAE-CA53-47D6-9185-71702F36CB4C	D6BC9186-5C8E-4638-A7B8-6F7CE7BC6946	Assessment	Team	buying.catalogue.assessment@gmail.com	000 000 000
371b20b7-3bed-487d-aa5f-995f5924e579	9c2fd4d4-98ca-41d7-b8f4-1ad6f6702127	Dr	Kool	drkool@kool.com	0123 456 789
C9CD096F-F72D-4AB0-B87C-326F5E8D2361	9c2fd4d4-98ca-41d7-b8f4-1ad6f6702127	Helpma	Boab	helpma.boab@kool.com	0123 456 789
281C05F7-A24B-4758-A166-F3C8E9C185EC	9c2fd4d4-98ca-41d7-b8f4-1ad6f6702127	Zyra	Featherstonhaugh	zyra@kool.com	0123 456 789
0130e7fd-bd4c-438d-94bc-75254b5a1a6b	8104c1af-fc96-470c-9221-102b1e354e6f	Smita	Mankar	smita.mankar1@nhs.net	0123 456 789
d0e532b2-756b-40cc-b0b9-5cca6a564985	8104c1af-fc96-470c-9221-102b1e354e6f	Adam	Slack	adam.slack1@nhs.net	0123 456 789
1f0b3f29-a15b-4e85-8376-4dbb903240d5	e090805b-f351-4502-9610-0f421ad83789	Trevor	Darcy-Evans	trevor.darcy-evans1@nhs.net	0123 345 678
f84431af-8089-4566-8abd-3fd8cade916e	e090805b-f351-4502-9610-0f421ad83789	Paul	Mitchell	paul.mitchell3@nhs.net	0123 456 789
688892ba-06e9-448e-931a-a7f840f24eff	e090805b-f351-4502-9610-0f421ad83789	William	Robinson	william.robinson2@nhs.net	0123 456 789
893ac40f-2b0f-4ae8-a3d4-3ed14495b08e	e090805b-f351-4502-9610-0f421ad83789	Alan	Parker	alan.parker@nhs.net	0123 456 789
caae7950-353b-4735-bb0a-4baae8f36d77	9b1d61c6-5eec-4f12-b69f-81694b24359f	Alexandra	Waibel	alexandra.waibel1@nhs.net	0123 456 789
95e66ecf-52e2-47bf-b6b1-0309198e288b	9b1d61c6-5eec-4f12-b69f-81694b24359f	Jonathan	Taylor	jonathan.taylor16@nhs.net	0123 456 789
108b2491-e7e4-4d6d-b436-fcd291f9870d	9b1d61c6-5eec-4f12-b69f-81694b24359f	Lewis	Kirkdale	lewis.kirdale@nhs.net	0123 456 789